<coordinator-app xmlns = "uri:oozie:coordinator:0.2" name ="hcoord_copydata_from_external_orc" frequency = "20" start = "2018-04-02T01:00Z" end = "2025-03-29T00:45Z" timezone = "America/New_York" >

 <controls>
 <timeout>1</timeout>
 <concurrency>1</concurrency>
 <execution>FIFO</execution>
 <throttle>1</throttle>
 </controls>

 <action>
 <workflow>
 <app-path>${nameNode}/user/oozie_workflows/Initialize/workflow_init-nonincremental.xml</app-path>
 </workflow>
 </action>
</coordinator-app>
