<?xml version="1.0" encoding="UTF-8"?>
<workflow-app xmlns="uri:oozie:workflow:0.2" name="oozie_init1">
	
	<start to="sqoop-branch1"/>
		<!-- Sqoop Job For Branch -->
		<action name="sqoop-branch1"> <!--node name-->
			<sqoop xmlns="uri:oozie:sqoop-action:0.2">
				<job-tracker>${jobTracker}</job-tracker> <!--job tracking node is http://sandbox.hortonwor
				ks.com:8050 which is define in job properties-->
				<name-node>${nameNode}</name-node> <!--name node is http://sandbox.hortonworks.com:8020 whi
				ch is defined in job properties-->
				<prepare>
					<delete path="${nameNode}/user/Credit_Card_System/Branch1"/>
				</prepare>
				<configuration>
					<property>
						<name>mapred.job.queue.name</name>
						<value>${queueName}</value>
					</property>
				</configuration>
				<command>job --meta-connect jdbc:hsqldb:hsql://localhost:16000/sqoop --exec branch1 </command>
			 <archive>/user/oozie/share/lib/lib_20161025075203/sqoop/java-json.jar#java-json.jar</archive>
			</sqoop>
		<ok to="sqoop-time1"/> <!-- if everything is ok then go to hive node -->
		<error to="fail"/>
		</action>

		<!-- Sqoop Job For Time -->
		<action name="sqoop-time1"> <!--node name-->
			<sqoop xmlns="uri:oozie:sqoop-action:0.2">
				<job-tracker>${jobTracker}</job-tracker> <!--job tracking node is http://sandbox.hortonwor
				ks.com:8050 which is define in job properties-->
				<name-node>${nameNode}</name-node> <!--name node is http://sandbox.hortonworks.com:8020 whi
				ch is defined in job properties-->
				<prepare>
					<delete path="${nameNode}/user/Credit_Card_System/Time1"/>
				</prepare>
				<configuration>
					<property>
						<name>mapred.job.queue.name</name>
						<value>${queueName}</value>
					</property>
				</configuration>
			<command>job --meta-connect  jdbc:hsqldb:hsql://localhost:16000/sqoop --exec timeid1 </command> <!-- get data from mysql using sqoop a
			nd store data at /user/maria_dev/movies directory -->
			<archive>/user/oozie/share/lib/lib_20161025075203/sqoop/java-json.jar#java-json.jar</archive>
			</sqoop>
		<ok to="sqoop-customer1"/> <!-- if everything is ok then go to hive node -->
		<error to="fail"/>
		</action>

		<!-- Sqoop Job For Customer -->
		<action name="sqoop-customer1"> <!--node name-->
			<sqoop xmlns="uri:oozie:sqoop-action:0.2">
				<job-tracker>${jobTracker}</job-tracker> <!--job tracking node is http://sandbox.hortonwor
				ks.com:8050 which is define in job properties-->
				<name-node>${nameNode}</name-node> <!--name node is http://sandbox.hortonworks.com:8020 whi
				ch is defined in job properties-->
				<prepare>
					<delete path="${nameNode}/user/Credit_Card_System/customer1"/>
				</prepare>
				<configuration>
					<property>
						<name>mapred.job.queue.name</name>
						<value>${queueName}</value>
					</property>
				</configuration>
			<command>job --meta-connect  jdbc:hsqldb:hsql://localhost:16000/sqoop --exec customer1</command> <!-- get data from mysql using sqoop a
			nd store data at /user/maria_dev/movies directory -->
			<archive>/user/oozie/share/lib/lib_20161025075203/sqoop/java-json.jar#java-json.jar</archive>
			</sqoop>
		<ok to="sqoop-creditcard1"/> <!-- if everything is ok then go to hive node -->
		<error to="fail"/>
		</action>

		<!-- Sqoop Job For CreditCard -->
		<action name="sqoop-creditcard1"> <!--node name-->
			<sqoop xmlns="uri:oozie:sqoop-action:0.2">
				<job-tracker>${jobTracker}</job-tracker> <!--job tracking node is http://sandbox.hortonwor
				ks.com:8050 which is define in job properties-->
				<name-node>${nameNode}</name-node> <!--name node is http://sandbox.hortonworks.com:8020 whi
				ch is defined in job properties-->
				<prepare>
					<delete path="${nameNode}/user/Credit_Card_System/CreditCard1"/>
				</prepare>
				<configuration>
					<property>
						<name>mapred.job.queue.name</name>
						<value>${queueName}</value>
					</property>
				</configuration>
			<command>job --meta-connect  jdbc:hsqldb:hsql://localhost:16000/sqoop --exec creditcard1 </command> <!-- get data from mysql using sqoop a
			nd store data at /user/maria_dev/movies directory -->
			<archive>/user/oozie/share/lib/lib_20161025075203/sqoop/java-json.jar#java-json.jar</archive>
			</sqoop>
		<ok to="hive-node"/> <!-- if everything is ok then go to hive node -->
		<error to="fail"/>
		</action>

 <action name="hive-node">
 <hive xmlns="uri:oozie:hive-action:0.2">
 <job-tracker>${jobTracker}</job-tracker>
 <name-node>${nameNode}</name-node>
 <configuration>
 <property>
 <name>mapred.job.queue.name</name>
 <value>${queueName}</value>
 </property>
 </configuration>
 <script>/user/oozie_workflows/Initialize/oozie_hive-nonincremental.sql</script>
 </hive>
 <ok to="end"/>
 <error to="fail"/>
 </action>


		<kill name="fail">
			<message>Sqoop failed, error message[${wf:errorMessage(wf:lastErrorNode())}]</message>
		</kill>

		<end name="end"/>
</workflow-app>
